word;transcription;translation;success_number;learning_date
! (exclamation mark);ˌekskləˈmeɪʃn mɑːk;восклицательный знак;1;
# (number sign);ˈnʌmbə(r) saɪn;знак решётки;3;
& (ampersand);ˈæmpəsænd;амперсанд;2;
' (apostrophe);əˈpɒstrəfi;апостроф;1;
* (asterisk);ˈæstərɪsk;знак звёздочки;4;
+= (addition assignment);əˈdɪʃn əˈsaɪnmənt;добавление с присвоением;2;
< and > (left and right angle brackets);left ənd raɪt ˈæŋɡl ˈbrækɪts;угловые скобки;4;
CLI (command line interface);kəˈmɑːnd laɪn ˈɪntəfeɪs;интерфейс командной строки;1;
CPU (central processing unit);ˈsentrəl ˈprəʊsesɪŋ ˈjuːnɪt;центральный процессор;3;
GPU (graphics processing unit);ˈɡræfɪks ˈprəʊsesɪŋ ˈjuːnɪt;графический процессор;4;
HPC (high performance computing);haɪ pəˈfɔːməns kəmˈpjuːtɪŋ;высокопроизводительные вычисления;3;
Large Hadron Collider (LHC);lɑːdʒ ˈhadrɒn kəˈlaɪdə(r);Большой адронный коллайдер;2;
MPI (message passing interface);ˈmesɪdʒ ˈpɑːsɪŋ ˈɪntəfeɪs;интерфейс передачи сообщений;2;
RAM (random-access memory);ˈrændəm ˈækses ˈmeməri;оперативная память (память с произвольным доступом);0;
TSEOS (two-structure equation of states);tuː ˈstrʌktʃə(r) ɪˈkweɪʒən əv steɪts;двухструктурное уравнение состояний;1;
_ (underscore);ˌʌndəˈskɔːr;нижнее подчёркивание;1;
a priori;ˌeɪpraɪˈɔːraɪ;априори;3;
ab initio;æb ɪˈnɪʃiəʊ;решение из первых принципов ('от начала');3;
abscissa;æbˈsɪsə;абсцисса;3;
absence;ˈæbsəns;отсутствие, недостаток, неявка;1;
absorptivity;əbˈzɔːpˈtɪvəti;поглощаемость;0;
abundant;əˈbʌndənt;богатый, обильный, изобилующий;-3;
acceleration;əkˌseləˈreɪʃən;ускорение;1;
accommodate;əˈkɒmədeɪt;вмещать, приспосабливать, согласовывать;2;
accompany;əˈkʌmpəni;сопровождать, сопутствовать, аккомпанировать;2;
accomplish;əˈkʌmplɪʃ;выполнять, совершать, достигать;-6;
account;əˈkaʊnt;счет, отчет, расчет;2;
account for;əˈkaʊnt fə(r);учитывать;0;
acknowledgment;əkˈnɒlɪdʒmənt;благодарность;4;
acquired data;əˌkwaɪəd ˈdeɪtə;полученные данные;5;2021-06-10
adjoining layer;əˈdʒɔɪnɪŋ ˈleɪə(r);прилегающий слой;3;
adjust;əˈdʒʌst;регулировать;0;
adjustable;əˈdʒʌstəbl̩;регулируемый, разводной, устанавливаемый;3;
admittedly;ədˈmɪtɪdli;по общему признанию, предположительно;-2;
adopted model;əˈdɒpt ˈmɒdl;принятая модель;4;
advance;ədˈvɑːns;продвигать;2;
advantageous;ˌædvænˈteɪdʒəs;выгодный, благоприятный, полезный;-4;
adversarial;ˌædvəˈseəriəl;противостоящий;1;
adversarial generative network (GAN);ˌædvəˈseəriəl ˈdʒenərətɪv ˈnetwɜːk;состязательная генеративная сеть;2;
adversary;ˈædvəsəri;противник, враг, соперник;2;
advisor;ədˈvaɪzər;советник, консультант;1;
affine;ɪˈfaɪn;аффинный;1;
afford;əˈfɔːd;предоставлять, давать, доставлять;-3;
aid;eɪd;помощь, поддержка, помощник;2;
albeit;ɔːlˈbiːɪt;хотя, тем не менее, даже хотя;2;
alleviate;əˈliːvieɪt;облегчать, смягчать;0;
alloy;ˈælɔɪ;сплав;1;
along the same lines;əˈlɒŋ ðə seɪm laɪnz;в том же духе;0;
along with;əˈlɒŋ wɪð;вместе с;0;
also;ˈɔːlsəʊ;также;0;
altogether;ˌɔːltəˈɡeðə(r);совсем, в целом, совершенно;-1;
ameliorate;əˈmiːljəreɪt;улучшать, улучшаться, окультуривать;2;
amino acid;əˌmiːnəʊ ˈæsɪd;аминокислота;3;
amorphous;əˈmɔːfəs;аморфный, бесформенный, некристаллический;2;
amount;əˈmaʊnt;количество, сумма, общая сумма;4;
amount to;əˈmaʊnt tə;составлять, представлять собой;-1;
ample spectrum;ˈæmpl ˈspektrəm̩;широкий спектр;1;
angle bending;ˈæŋɡl bendɪŋ;угол изгиба;0;
anisotropic;ənaɪsəˈtrɒpɪk;анизотропный;3;
anticipate;ænˈtɪsɪpeɪt;предвидеть, ожидать, предвосхищать;-2;
antimonide (_Sb);ˈæntɪmənaıd;антимонид;1;
apart from;əˈpɑːt frəm;помимо;5;2021-06-10
apparatus;ˌæpəˈreɪtəs;аппарат, аппаратура, прибор;2;
apparent shape;əˈpærənt ʃeɪp;видимая форма;4;
appealing;əˈpiːlɪŋ;привлекательный, умоляющий, подкупающий;1;
appetizer;ˈæpɪtaɪzər;закуска;4;
applicability;əˌplɪkəˈbɪləti;применимость;3;
applicable;əˈplɪkəbl̩;применимый, подходящий, пригодный;2;
appreciable rate;əˈpriːʃəbl reɪt̩;заметный показатель;0;
arbitrary;ˈɑːbɪtrəri;произвольный, случайный;-1;
area;ˈeəriə;площадь, зона, область;2;
arguably;ˈɑːɡjuəbli;спорно;4;
argue;ˈɑːɡjuː;спорить, аргументировать, доказывать;2;
array;əˈreɪ;множество, матрица, массив;3;
arsenide (_As);ˈɑːsınaıd;арсенид;0;
artificial intelligence (AI);ˌɑːtɪˈfɪʃl ɪnˈtelɪdʒəns;искусственный интеллект;5;2021-06-10
ascertain;ˌæsəˈteɪn;устанавливать, выяснять, удостоверяться;-4;
aside from;əˈsaɪd frəm;помимо;0;
aspect;ˈæspekt;аспект, сторона, вид;3;
assess;əˈses;оценивать;-5;
assignment;əˈsaɪnmənt;назначение, присвоение;5;2021-06-10
assume;əˈsjuːm;предполагать;3;
assumption;əˈsʌmpʃən;предположение, допущение, вступление;1;
asymptotic;ˌæsɪmˈtɒtɪk;асимптотический;2;
at a fine scale;ət ə faɪn skeɪl;в мелком масштабе;-1;
atomwise;ˈætəmwaɪz;атомарный;0;
attain a state;əˈteɪn ə steɪt;достичь состояния;1;
attractive force;əˈtræktɪv fɔːs;сила притяжения;2;
attribute;əˈtrɪbjuːt;приписывать, относить;1;
augment data;ɔːɡˈment ˈdeɪtə;дополнить данные;-1;
auxiliary;ɔːɡˈzɪliəri;вспомогательный, дополнительный, добавочный;-1;
avalanche-like;ˈævəlɑːnʃ laɪk;лавинообразный;-1;
awe;ɔː;трепет, благоговение, страх;5;2021-06-10
backdrop;ˈbækdrɒp;фон;2;
barium (Ba);ˈbeəriəm;барий;2;
batch;bætʃ;пакет, партия, порция;4;
bcc (body centered cubic) lattice;ˈbɒdi ˈsentərd ˈkjuːbɪk ˈlætɪs;объёмноцентрированная кубическая решётка;2;
be agnostic of something;bi æɡˈnɒstɪk əv ˈsʌmθɪŋ;быть независимым от чего-то;-1;
be of advantage;bi əv ədˈvɑːntɪdʒ;быть полезным;-3;
be present;bi ˈpreznt;присутствовать;-2;
bear;beə(r);нести;2;
beforehand;bɪˈfɔːhænd;заранее, заблаговременно;-3;
benchmark;ˈbentʃmɑːk;эталон, опорная отметка;1;
beyond;bɪˈjɒnd;за, вне, после;5;2021-06-10
bias;ˈbaɪəs;смещение, предвзятость, уклон;1;
biased;ˈbaɪəst;тенденциозный, пристрастный, необъективный;1;
bimodal;baɪˈməʊdl;бимодальный;3;
binary;ˈbaɪnəri;двоичный, бинарный, двойной;5;2021-06-10
bold;bəʊld;смелый, дерзкий, храбрый;-2;
bond;bɒnd;связь, облигация, узы;2;
bonding environment;ˈbɒndɪŋ ɪnˈvaɪrənmənt;связующая среда;0;
bound structure;baʊnd ˈstrʌktʃə(r);связанная структура;1;
boundary;ˈbaʊndəri;граница, черта;2;
bridge;brɪdʒ;мост, преодолеть, устранить;0;
broad;brɔːd;широкий, обширный, общий;5;2021-06-10
bulk;bʌlk;масса, объем, основная масса;2;
by means of;baɪ miːnz əv;посредством;5;2021-06-10
by no means;baɪ nəʊ miːnz;ни в коем случае;4;
by proceeding as follows;baɪ prəˈsiːdɪŋ əz ˈfɒləʊ;действуя следующим образом;0;
bypass;ˈbaɪpɑːs;обход, шунт, обводный канал;2;
calcium (Ca);ˈkælsiəm;кальций;2;
canonical;kəˈnɔnɪkəl;канонический;3;
capitalize;ˈkæpɪtəlaɪz;извлекать выгоду;1;
capture;ˈkæptʃə(r);захват, поимка, пленение;1;
carbide (_C);ˈkɑːbaɪd;карбид;4;
carefully crafted dataset;ˈkeəfəli krɑːftɪd ˈdeɪtəset;тщательно созданный набор данных;5;2021-06-10
carrier;ˈkæriər;носитель;5;2021-06-10
catalytic;ˌkætəˈlɪtɪk;каталитический;3;
certain;ˈsɜːtn;определённый, некоторый;2;
certainly;ˈsɜːtnli;конечно, безусловно, непременно;1;
chemical identity;ˈkemɪkl aɪˈdentəti;химическая идентичность;5;2021-06-10
chemistry;ˈkemɪstri;химия;2;
chiefly;ˈtʃiːfli;главным образом, особенно;2;
circuit;ˈsɜːkɪt;схема, цепь, контур;1;
circumvent;ˌsɜːkəmˈvent;обойти, перехитрить, обманывать;-3;
clarified model;ˈklærɪfaɪd ˈmɒdl;уточненная модель;0;
coarse-graining;kɔːs ɡreɪnɪŋ;крупнозернистый;0;
coherent;kəʊˈhɪərənt;последовательный, связный, понятный;2;
cohesive energy;kəʊˈhiːsɪv ˈenədʒi;когезионная энергия (энергия связи);4;
coincident;kəʊˈɪnsɪdənt;совпадающий, соответствующий;-1;
coined;kɔɪnt;сформулированный;1;
colloid;ˈkɒlɔɪd;коллоид;3;
commodity hardware;kəˈmɒdəti ˈhɑːdweər;стандартное оборудование;1;
commute;kəˈmjuːt;коммутировать, переключать, заменять;5;2021-06-10
compatible with the theory;kəmˈpætɪbl wɪð̩ ðə ˈθɪəri;совместимый с теорией;-1;
competitive result;kəmˈpetətɪv rɪˈzʌlt;конкурентоспособный результат;2;
complementary;ˌkɒmplɪˈmentəri;комплементарный, дополнительный, добавочный;1;
comprehensive;ˌkɒmprɪˈhensɪv;всесторонний, исчерпывающий, обширный;3;
comprise;kəmˈpraɪz;содержать, включать, охватывать;-2;
computational burden;kɒmpjʊˈteɪʃənəl ˈbɜːdən;вычислительная нагрузка;4;
computational expense;ˌkɒmpjuˈteɪʃənl ɪkˈspens;вычислительные затраты;1;
concern;kənˈsɜːn;концерн, беспокойство, забота;2;
concise representation;kənˈsaɪs ˌreprɪzenˈteɪʃən;краткое представление;3;
confidence;ˈkɒnfɪdəns;уверенность, доверие, вера;1;
confinement;kənˈfaɪnmənt;ограничение;-2;
confirm;kənˈfɜːm;подтверждать, утверждать;1;
conformal field theory;kənˈfɔːməl fiːld ˈθɪəri;конформная теория поля;3;
conformation;ˌkɒnfɔːˈmeɪʃən;форма, устройство, структура;0;
confront;kənˈfrʌnt;противостоять, столкнуться, стоять против;0;
conjecture;kənˈdʒektʃər;предположение, догадка, конъектура;1;
conjugate;ˈkɒndʒʊɡeɪt;сопрягать;-3;
consecutive operations;kənˈsekjʊtɪv ˌɒpərˈeɪʃəns;последовательные операции;0;
consequence;ˈkɒnsɪkwəns;следствие, последствие, вывод;4;
considerable;kənˈsɪdərəbl;значительный, большой, немалый;-1;
consistent;kənˈsɪstənt;последовательный, совместимый, согласующийся;2;
constitute;ˈkɒnstɪtjuːt;составлять, образовывать, учреждать;2;
constrain;kənˈstreɪn;ограничивать, сдерживать;0;
constraint;kənˈstreɪnt;ограничение, скованность;4;
consume;kənˈsjuːm;потреблять;1;
contemporary;kənˈtemprəri;современный, одновременный, одной эпохи;-1;
continuation;kənˌtɪnjuˈeɪʃən;продолжение, возобновление;0;
continuity;ˌkɒntɪˈnjuːɪti;непрерывность, целостность;2;
contrary to …;ˈkɒntrəri tə;в отличие от …;4;
contribution;ˌkɒntrɪˈbjuːʃn;вклад, взнос, содействие;5;2021-06-10
controversial;ˌkɒntrəˈvɜːʃəl;спорный, дискуссионный, любящий полемику;-3;
conventional approach;kənˈvenʃənl əˈprəʊtʃ;традиционный подход;3;
converge;kənˈvɜːdʒ;сходиться, приближаться, сводить в одну точку;1;
convergence;kənˈvɜːdʒəns;сходимость, конвергенция, сближение;-2;
convex;ˈkɒnveks;выпуклый, дугообразный, сводчатый;-2;
convey changes;kənˈveɪ tʃeɪndʒez;передать изменения;-2;
convolution;ˌkɒnvəˈluːʃən;свертка, виток, свертывание;0;
cope;kəʊp;справляться, совладать, бороться;3;
copious interactions;ˈkəʊpiəs ˌɪntəˈrækʃəns;обильные взаимодействия;0;
core;kɔː(r);ядро, суть;3;
correlation time;ˌkɒrəˈleɪʃən taɪm;время корреляции;0;
cosine;ˈkəʊsaɪn;косинус;-2;
coulomb;ˈkuːlɒm;кулон;4;
coulombic;ˈkuːlɒmɪk;кулоновский;3;
counter example;ˈkaʊntə(r) ɪɡˈzɑːmpl;контрпример;3;
counterpart;ˈkaʊntəpɑːt;копия, дубликат;1;
coupler;ˈkʌplə;сцепка, устройство связи;0;
covalent;ˌkəʊˈveɪlənt;ковалентный;3;
covalently-bonded;ˌkəʊˈveɪləntli bɒndɪd;ковалентно связанный;5;2021-06-10
crossover;ˈkrɒsəʊvər;переезд, переход, переход в другую партию;-1;
crystalline;ˈkrɪstəlaɪn;кристаллический, прозрачный, хрустальный;3;
crystallization;ˌkrɪstəlaɪˈzeɪʃn;кристаллизация;0;
cuboid;ˈkjuːbɔɪd;кубоид, кубовидный;2;
curvature;ˈkɜːvətʃər;кривизна, искривление, изгиб;2;
cutoff;ˈkʌtɒf;отсечка, прекращение, отрезанный кусок;5;2021-06-10
data acquisition;ˈdeɪtə ˌækwɪˈzɪʃən;получение данных;2;
data augmentation;ˈdeɪtəˌɔːɡmenˈteɪʃn;увеличение данных;4;
data mining;ˈdeɪtə maɪnɪŋ;сбор данных, анализ данных;2;
dataset entry;ˈdeɪtəset ˈentri;запись в наборе данных;4;
daunt;dɔːnt;обескураживать, запугивать, устрашать;-4;
decipher;dɪˈsaɪfər;расшифровывать;4;
decomposition;diːkɔmpəˈzɪʃn;разложение, распад, гниение;1;
decrease;dɪˈkriːs;уменьшить, уменьшаться, уменьшать;3;
deduce;dɪˈdjuːs;выводить, делать вывод, прослеживать происхождение;2;
degeneracy;dɪˈʤenərəsɪ;вырождение, дегенерация, дегенеративность;0;
delimit;ˌdiːˈlɪmɪt;определять границы;2;
delineate;dɪˈlɪnieɪt;очерчивать, описывать, обрисовывать;4;
demand;dɪˈmɑːnd;требовать, нуждаться, спрашивать;1;
demixing;diːmɪksɪŋ;расслоение;0;
dense sampling;dens ˈsɑːmpl̩ɪŋ;плотная выборка;1;
density functional theory (DFT);ˈdensɪti ˈfʌŋkʃənəl ˈθɪəri;теория функционала плотности;3;
deny;dɪˈnaɪ;отрицать, отказывать, отвергать;2;
depict;dɪˈpɪkt;изображать, описывать, рисовать;5;2021-06-10
deploy;dɪˈplɔɪ;развертывание;3;
derivative;dɪˈrɪvətɪv;производное, производная, дериват;2;
descriptor;dɪˈskrɪptər;дескриптор;1;
detailed;ˈdiːteɪld;подробный;1;
determinant;dɪˈtɜːmɪnənt;определитель, детерминант;0;
deterministic;dɪtɜːmɪˈnɪstɪk;детерминированный;2;
detour;ˈdiːtɔːr;объезд, обход, окольный путь;-1;
devastating;ˈdevəsteɪtɪŋ;разрушительный, опустошительный;2;
devise;dɪˈvaɪz;разрабатывать, изобретать, придумывать;-1;
diagram;ˈdaɪəɡræm;схема, диаграмма, график;1;
diamond anvil;ˈdaɪəmənd ˈænvɪl;алмазная наковальня;0;
dielectric permittivity;daɪɪˈlektrɪk pɜːmɪˈtɪvɪtɪ;диэлектрическая проницаемость;3;
differentiable;ˌdɪfəˈrenʃəbl;дифференцируемый;2;
dihedral;daɪˈhiːdrəl;двугранный;0;
dimer;ˈdaɪmə;димер;2;
diminish effectiveness;dɪˈmɪnɪʃ ɪˈfektɪvnəs;снизить эффективность;2;
diode;ˈdaɪəʊd;диод;5;2021-06-10
discard event;dɪˈskɑːd ɪˈvent;отклонить событие;0;
discernible;dɪˈsɜːnɪbl̩;различимый, заметный, видимый;-2;
discontinuity;ˌdɪsˌkɒntɪˈnjuːəti;прерывность;2;
discriminate;dɪˈskrɪmɪneɪt;различать, дискриминировать, отличать;2;
disfavour;dɪsˈfeɪvər;немилость, неодобрение;-2;
disruptive;dɪsˈrʌptɪv;подрывной, разрушительный, пробивной;1;
dissipate;ˈdɪsɪpeɪt;рассеивать, рассеять, рассеиваться;1;
distinct;dɪˈstɪŋkt;особый, отдельный, отчетливый;-3;
distinguish;dɪˈstɪŋɡwɪʃ;различать;3;
distribution;ˌdɪstrɪˈbjuːʃn;распределение;2;
diverge;ˌdaɪˈvɜːdʒ;расходиться, отклоняться, отходить от нормы;0;
divergence;ˌdaɪˈvɜːdʒəns;расхождение, дивергенция, отклонение;-3;
diverse;daɪˈvɜːs;разнообразный, разный, иной;4;
doable;ˈduːəbl̩;выполнимый;4;
dodecahedron;ˌdəʊdekəˈhiːdrən;додекаэдр, двенадцатигранник;3;
domain;dəˈmeɪn;домен, область, сфера, владения;2;
downstream;ˌdaʊnˈstriːm;вниз по течению;0;
drag force;dræɡ fɔːs;сила сопротивления;2;
dramatically;drəˈmætɪkəli;резко;0;
draw on;drɔː on;опираться;-1;
draw sample;drɔː ˈsɑːmpl;взять образец;0;
drawback;ˈdrɔːbæk;недостаток, препятствие, помеха;-2;
due to …;djuː tə;связан с …;2;
dwarf;dwɔːf;приостанавливать рост, карлик, гном;0;
dwell;dwel;жить, обитать, останавливаться;3;
dynamic structure factor;daɪˈnæmɪk ˈstrʌktʃə(r) ˈfæktə(r);динамический структурный фактор;1;
dynamics;daɪˈnæmɪks;динамика;1;
eclipse;ɪˈklɪps;затмение;5;2021-06-10
educational;ˌedʒuˈkeɪʃənl;полезный;3;
effort;ˈefət;усилие, напряжение;5;2021-06-10
either;ˈaɪðə(r);либо, или;-2;
ellipsis;ɪˈlɪpsɪs;многоточие;3;
elongated;ˈiːlɒŋɡeɪtɪd;удлиненный;2;
elusive phase;ɪˈluːsɪv feɪz;неуловимая фаза;4;
embedded data;ɪmˈbedɪd ˈdeɪtə;встроенные данные;-5;
embodiment;ɪmˈbɒdɪmənt;воплощение, олицетворение, слияние;0;
embody;ɪmˈbɒdi;воплощать, включать, олицетворять;3;
emerge;iˈmɜːdʒ;появляться, возникать, выходить;-1;
empirical risk function;ɪmˈpɪrɪkəl rɪsk ˈfʌŋkʃn;эмпирическая функция риска;0;
employ;ɪmˈplɔɪ;использовать, применять;1;
emulate a model;ˈemjʊleɪt ə ˈmɒdl;подражать модели;-1;
emulsion;ɪˈmʌlʃən;эмульсия;3;
enable;ɪˈneɪbl;разрешать, давать возможность, делать возможным;-1;
encapsulate;ɪnˈkæpsjʊleɪt;инкапсулировать, заключать в капсулу, выражать в краткой форме;4;
encompass;ɪnˈkʌmpəs;заключать в себе, окружать;-2;
encounter;ɪnˈkaʊntə(r);столкновение, схватка, стычка;-4;
encourage;ɪnˈkʌrɪdʒ;поощрять, поддерживать, ободрять;3;
energy basin;ˈenədʒi ˈbeɪsən;энергетический бассейн;1;
energy deposit;ˈenədʒi dɪˈpɒzɪt;скопление энергии;5;2021-06-10
energy harvesting;ˈenədʒi ˈhɑːvɪstɪŋ;урожай, сбор;4;
engagement;ɪnˈɡeɪdʒmənt;взаимодействие;5;2021-06-10
engineer;ˌendʒɪˈnɪə(r);проектировать;-2;
enhance learning;ɪnˈhɑːns ˈlɜːnɪŋ;улучшить обучение;1;
ensemble;ɒnˈsɒmbl̩;ансамбль;5;2021-06-10
entail;ɪnˈteɪl;влечь за собой;-4;
entanglement;ɪnˈtæŋɡl̩mənt;запутанность, запутывание, заграждение;3;
enthalpy;enˈθælpɪ;энтальпия, теплосодержание;4;
entropy;ˈentrəpi;энтропия;4;
environment;ɪnˈvaɪrənmənt;среда, окружающая среда, окружение;0;
epitaxial;ɛpɪˈtæksɪəl;эпитаксиальный;2;
equilibration;iːkwɪlaɪˈbreɪʃn;уравновешивание;3;
equilibrium;ˌiːkwɪˈlɪbriəm;равновесие;1;
equipartition;ˌiːkwɪpɑːˈtɪʃən;равнораспределение;2;
ergodicity;ˈɜːɡəʊˈdɪsəti;эргодичность;3;
error;ˈerə(r);погрешность, ошибка, заблуждение;4;
essential;ɪˈsenʃl;существенный, основной, необходимый;-1;
essentially;ɪˈsenʃəli;по существу, существенным образом;-1;
estimate;ˈestɪmət;оценка;0;
eutectic;juːˈtɛktɪk;эвтектика;5;2021-06-10
evade;ɪˈveɪd;уклоняться, увернуться, избегать;-1;
evaluation;ɪˌvæljuˈeɪʃən;оценка, определение количества;1;
eventually;ɪˈventʃuəli;в конечном счете, в конце концов;-1;
ever-expanding;ˈevər-ɪkˈspændɪŋ;постоянно расширяющийся;2;
evolving system;ɪˈvɒlvɪŋ ˈsɪstəm;развивающаяся система;-3;
exceedingly;ɪkˈsiːdɪŋli;чрезвычайно, очень, крайне;-3;
exemplary system;ɪɡˈzempləri ˈsɪstəm;образцовая система;0;
exhaustive;ɪɡˈzɔːstɪv;исчерпывающий, истощающий;3;
explicit function;ɪkˈsplɪsɪt ˈfʌŋkʃn;явная функция;2;
exploit;ɪkˈsplɔɪt;эксплуатировать, разрабатывать;3;
exponent;ɪkˈspəʊnənt;экспонента, показатель степени, экспонент;5;2021-06-10
expose;ɪkˈspəʊz;подвергать, разоблачать, выставлять;0;
extensive;ɪkˈstensɪv;обширный, экстенсивный, пространный;3;
extent;ɪkˈstent;экстент, степень, размер;5;2021-06-10
extrapolate;ɪkˈstræpəleɪt;экстраполировать;2;
extremely;ɪkˈstriːmli;чрезвычайно;3;
facilitate;fəˈsɪlɪteɪt;способствовать, содействовать, облегчать;-2;
facility;fəˈsɪləti;объект, установка, сооружение, средство;0;
fairness;ˈfeənəs;справедливость, честность, чистота;5;2021-06-10
fast-paced;fɑːst peɪst;стремительный;0;
favour;ˈfeɪvə(r);одолжение, благосклонность, расположение;2;
fcc (face centered cubic) lattice;feɪs ˈsentərd ˈkjuːbɪk ˈlætɪs;гранецентрированная кубическая решётка;1;
feature;ˈfiːtʃə(r);признак;5;2021-06-10
featuring;ˈfiːtʃə(r)ɪŋ;с участием;2;
feed-forward;fiːd ˈfɔːwəd;прямая связь;3;
feed-forward neural network (FFNN);fiːd ˈfɔːwəd ˈnjʊərəl ˈnetwɜːk;нейронная сеть прямого распространения;5;2021-06-10
fertilization;fɜːtɪlaɪˈzeɪʃn;обогащение, оплодотворение, опыление, удобрение почвы;2;
firmware;ˈfɜːmweər;прошивка;0;
flatten;ˈflætən;выравнивать, расплющить;-4;
flourish;ˈflʌrɪʃ;процветать, расцветать, преуспевать;-4;
flow chart;fləʊ tʃɑːt;блок-схема;2;
fluctuation;ˌflʌktʃuˈeɪʃn;колебание, флуктуация;2;
folding;ˈfəʊldɪŋ;сворачивание;4;
for the sake of;fə(r) ðə seɪk əv;ради;2;
for what concerns;fə(r) wɒt kənˈsɜːns;что касается;1;
foreground object;ˈfɔːɡraʊnd ˈɒbdʒɪkt;объект переднего плана;1;
formaldehyde;fɔːˈmældɪhaɪd;формальдегид;2;
former;ˈfɔːmə;бывший;2;
foundation;faʊnˈdeɪʃn;фундамент, основы, основа;1;
free energy surface (FES);friː ˈenədʒi ˈsɜːfɪs;поверхность свободной энергии;2;
fruitful;ˈfruːtfəl;плодотворный, плодовитый, плодородный;5;2021-06-10
fulfil;fʊlˈfɪl;выполнять, исполнять, осуществлять;-2;
fully connected neural network;ˈfʊli kəˈnektɪd ˈnjʊərəl ˈnetwɜːk;полносвязная нейронная сеть;3;
gallium (Ga);ˈgælɪəm;галлий;0;
gather data;ˈɡæ(ə(r) ˈdeɪtə;собирать данные;2;
gauge;ɡeɪdʒ;калибровать;2;
generative;ˈdʒenərətɪv;генеративный, порождающий;1;
genuine;ˈdʒenjuɪn;подлинный;-1;
germanium (Ge);dʒəˈmeɪniəm;германий;4;
germanium telluride (GeTe);dʒəˈmeɪniəm teˈljʊraɪd;теллурид германия;2;
glassy;ˈɡlɑːsi;стеклянный, стекловидный, гладкий;3;
glider;ˈɡlaɪdər;планер;2;
gradient descent;ˈɡreɪdiənt dɪˈsent;градиентный спуск;0;
grasp;ɡrɑːsp;понять, осознать, схватывать;2;
ground truth;ɡraʊnd truːθ;истинность;1;
harness;ˈhɑːnəs;упряжь, сбруя, доспехи;-2;
have in mind;həv ɪn maɪnd;иметь в виду;4;
health care;helθ keə(r);здравоохранение;2;
hence;hens;следовательно, отсюда, с этих пор;1;
herein;ˌhɪəˈrɪn;здесь;2;
heterogeneous;ˌhetərəˈdʒiːniəs;гетерогенный, неоднородный, разнородный;2;
heuristic;hjʊˈrɪstɪk;эвристический;0;
hexagonal;hekˈsæɡənl;шестиугольный;-1;
hierarchical structure;ˌhaɪəˈrɑːkɪkl ˈstrʌktʃə(r);иерархическая структура;1;
hint;hɪnt;намек, совет, оттенок;0;
histogram;ˈhɪstəɡræm;гистограмма;1;
holonomic constraint;kənˈstreɪnt;голономная связь;5;2021-06-10
homogeneous;ˌhɒməˈdʒiːniəs;однородный, гомогенный;4;
hull;hʌl;корпус, остов, каркас;3;
hydrogen;ˈhaɪdrɪdʒən;водород;5;2021-06-10
hygroscopic;haɪgrəʊˈskəʊpɪk;гигроскопический;5;2021-06-10
hysteresis;ˌhɪstəˈriːsɪs;гистерезис, запаздывание фаз;5;2021-06-10
identity matrix;aɪˈdentəti ˈmeɪtrɪks;единичная матрица;3;
ie (id est) = that is;ðæt ɪz;то есть;1;
ill posed;ɪl pəʊzt;некорректно поставленные;2;
imaginary;ɪˈmædʒɪnəri;воображаемый, мнимый, нереальный;2;
impedance;ɪmˈpiːdəns;импеданс, полное сопротивление;3;
impede;ɪmˈpiːd;препятствовать, мешать, затруднять;3;
implementation;ˌɪmplɪmenˈteɪʃn;реализация;2;
implication;ˌɪmplɪˈkeɪʃn;причастность, подтекст, смысл;-1;
implicit function;ɪkˈsplɪsɪt ˈfʌŋkʃn;неявная функция;1;
imply;ɪmˈplaɪ;подразумевать, означать, предполагать;-2;
impose symmetry;ɪmˈpəʊz ˈsɪmətri;наложить симметрию;1;
imposing;ɪmˈpəʊzɪŋ;внушительный, импозантный, вальяжный;0;
improvement;ɪmˈpruːvmənt;улучшение, усовершенствование;2;
impurity;ɪmˈpjʊərəti;примесь;5;2021-06-10
in a nutshell;ɪn ə ˈnʌtʃel;в двух словах;0;
in a supervised fashion;ɪn ə ˈsuːpəvaɪzd ˈfæʃn;под присмотром;2;
in the long run;ɪn ðə lɒŋ rʌn;в долгосрочной перспективе;1;
in turn;ɪn tɜːn;в свою очередь;1;
in view of the foregoing;ɪn vjuː əv ðə fɔːˈgəʊɪŋ;в связи с вышеуказанным;1;
incommensurate phases;ɪnkəˈmenʃərɪt feɪzɪz;несоизмеримые фазы;-1;
inconsistency;ˌɪnkənˈsɪstənsi;несоответствие;-1;
incorporate;ɪnˈkɔːpəreɪt;объединять;0;
increase;ɪnˈkriːs;увеличивать, увеличиваться, расти;4;
increasingly;ɪnˈkriːsɪŋli;все больше и больше;-1;
incur;ɪnˈkɜːr;подвергаться, навлечь на себя, навлекать на себя;0;
indicative;ɪnˈdɪkətɪv;ориентировочный;2;
indispensable;ˌɪndɪˈspensəbl̩;незаменимый, необходимый;-2;
indium (In);ˈɪndiəm;индий;1;
inevitable;ɪnˈevɪtəbl;неизбежный, неминуемый, неизменный;-3;
infancy;ˈɪnfənsi;младенчество;0;
infer;ɪnˈfɜːr;делать вывод, заключать;4;
inference;ˈɪnfərəns;вывод, заключение;3;
inform the way;ɪnˈfɔːm ðə weɪ;определять подход;0;
inherent structure;ɪnˈherənt ˈstrʌktʃə(r);внутренняя структура;-1;
inhomogeneity;ɪnhəʊməʊdʒəˈniːəti;неоднородность;3;
initiate;ɪˈnɪʃieɪt;инициировать, возникать;0;
insight;ˈɪnsaɪt;понимание, проницательность, интуиция;-2;
instance;ˈɪnstəns;экземпляр, пример, инстанция, образец;1;
instant;ˈɪnstənt;момент, мгновение;3;
instantaneous temperature;ˌɪnstənˈteɪniəs ˈtemprətʃə(r);мгновенная температура;3;
insulate;ˈɪnsjʊleɪt;изолировать, обособлять, разобщать;5;2021-06-10
integration;ˌɪntɪˈɡreɪʃn;интеграция, интегрирование, объединение;3;
intend;ɪnˈtend;намереваться;2;
interconnect;ˌɪntəkəˈnekt;межкомпонентное соединение;-1;
interconversion;ɪnˈtɜːrkənˈvɜːʃən;взаимопревращение;2;
interconvert;ɪnˈtɜːrkənˈvɜːt;взаимопревращать;1;
interdisciplinary;ˌɪntəˈdɪsɪplɪnəri;междисциплинарный;5;2021-06-10
interface;ˈɪntəfeɪs;интерфейс, взаимодействие, поверхность раздела;3;
interference;ˌɪntəˈfɪərəns;помехи, вмешательство, интерференция;5;2021-06-10
interferometer;ɪntəfɪəˈrɔmɪtə;интерферометр;1;
interpenetrate;ɪntəˈpenɪtreɪt;взаимопроникать, глубоко проникать, наполнять собой;4;
interplay;ˈɪntəpleɪ;взаимодействие;3;
interpret;ɪnˈtɜːprɪt;интерпретировать, толковать, переводить;4;
interpretability;ɪnˈtɜːprətəˈbɪləti;интерпретируемость;1;
intersection;ˌɪntəˈsekʃən;пересечение, перекресток, точка пересечения;2;
intervene;ˌɪntəˈviːn;вмешиваться, помешать, вступаться;0;
intervention;ˌɪntəˈvenʃn;вмешательство, интервенция, посредничество;3;
intimate;ˈɪntɪmət;близкий, тесный;1;
intractable;ɪnˈtræktəbl̩;неуправляемый, неподатливый;1;
intramolecular;ˌɪntrəməˈlekjələr;внутримолекулярный;2;
intriguing;ɪnˈtriːɡɪŋ;интригующий, увлекательный, занимательный;0;
intrinsic nature;ɪnˈtrɪnzɪk ˈneɪtʃə(r);внутренняя природа;5;2021-06-10
invaluable;ɪnˈvæljʊbl̩;неоценимый, бесценный;0;
irrelevant;ɪˈrelɪvənt;неуместный, не относящийся к делу;5;2021-06-10
isobaric;ˈaɪsəbɑː(r)ɪk;изобарический;2;
isochore;aɪsəʊˈkɔː(r);изохора;2;
isoenthalpic;aɪsəenˈθælpɪk;изоэнтальпийный;1;
isokinetic;aɪsəʊkɪˈnetɪk;изокинетический;5;2021-06-10
isothermal;aɪsəʊˈθɜːməl;изотермический;2;
iteratively refine;ˈɪtərətɪvli rɪˈfaɪn;итеративно уточнять;2;
jet;dʒet;реактивный, струйный, коллимированная струя мезонов и барионов в коллайдере;5;2021-06-10
keen;kiːn;острый, проницательный, сильный;5;2021-06-10
kinetic;kɪˈnetɪk;кинетический;1;
labor-intensive;ˌleɪbərɪnˈtensɪv;трудоемкий;1;
landmark;ˈlændmɑːk;ориентир, веха, поворотный пункт;-5;
largely;ˈlɑːdʒli;в значительной степени, щедро, обильно;2;
layered;ˈleɪərd;слоистый;-1;
layerwise;ˈleɪə(r)waɪz;послойно;1;
lead (Pb);liːd;свинец;2;
leapfrog;ˈliːpfrɒɡ;чехарда;4;
lend;lend;предоставлять, давать, одалживать;-2;
lens;lenz;линза;3;
leverage;ˈliːvərɪdʒ;привлекать, использовать, задействовать;-1;
ligand;ˈlɪɡ(ə)nd;лиганд;2;
likelihood;ˈlaɪklihʊd;правдоподобие;4;
likely;ˈlaɪkli;вероятно;3;
likewise;ˈlaɪkwaɪz;также, подобно, более того;3;
line slope;laɪn sləʊp;наклон линии;4;
locomotion;ˌləʊkəˈməʊʃən;передвижение, путешествие;2;
logarithmic;ˌlɒɡəˈrɪðmɪk;логарифмический;4;
long short-term memory (LSTM);lɒŋ ˌʃɔːtˈtɜːm ˈmeməri;долгая краткосрочная память;0;
longitudinal;ˌlɒŋɡɪˈtjuːdənl;продольный;4;
loop;luːp;цикл;5;2021-06-10
loss function landscape;lɒs ˈfʌŋkʃn ˈlændskeɪp;ландшафт функции потерь;2;
luminous;ˈluːmɪnəs;светящийся, светлый, блестящий;0;
lure;lʊə(r);соблазнить;0;
machine learning (ML);məˈʃiːn ˈlɜːnɪŋ;машинное обучение;2;
manifold;ˈmænɪfəʊld;многообразие;1;
manufacturing;ˌmænjuˈfæktʃərɪŋ;производство, обрабатывающая промышленность, обработка;2;
mapping;ˈmæpɪŋ;отображение, преобразование;4;
mathematical rigor;ˌmæθəˈmætɪkl ˈrɪɡə(r);математическая строгость;5;2021-06-10
matrix;ˈmeɪtrɪks;матрица;2;
matrix completion;ˈmeɪtrɪks kəmˈpliːʃən;завершение матрицы;1;
matrix rank;ˈmeɪtrɪks ræŋk;ранг матрицы;1;
mature;məˈtjʊər;созреть, взрослеть;2;
maximize a reward;ˈmæksɪmaɪz ə rɪˈwɔːd;награда, вознаграждение, воздаяние;2;
mean square displacement;miːn skweə(r) dɪˈspleɪsmənt;среднеквадратичное смещение;3;
measurement;ˈmeʒəmənt;измерение;1;
mediate;ˈmiːdieɪt;посредничать, служить связующим звеном;3;
memory dump;ˈmeməri dʌmp;дамп (свалка) памяти (содержимое рабочей памяти процесса);3;
mere;mɪə(r);простой, сущий, не более чем;3;
mesh;meʃ;зацепление, сети, петля, ячейка;-6;
metastability;ˈmetəstəˈbɪləti;метастабильность;3;
metastable;metəˈsteɪbl;метастабильный;4;
microcanonical;ˈmaɪkrəʊkəˈnɔnɪkəl;микроканонический;5;2021-06-10
microscopy;maɪˈkrɒskəpi;микроскопия;3;
mimic the features;ˈmɪmɪk ðə ˈfiːtʃərs;имитировать черты;3;
minimization;mɪnɪmaɪˈzeɪʃn;минимизация;1;
mitigate noise;ˈmɪtɪɡeɪt nɔɪz;уменьшить шум;5;2021-06-10
mock;mɒk;высмеивать, издеваться, насмехаться;0;
modest;ˈmɒdɪst;скромный, умеренный, сдержанный;-3;
molecular;məˈlekjələ(r);молекулярный;3;
molecular dynamics simulations;məˈlekjələ(r) daɪˈnæmɪk ˌsɪmjuˈleɪʃns;моделирование молекулярной динамики;5;2021-06-10
molecule;ˈmɒlɪkjuːl;молекула;5;2021-06-10
monotonic;ˈmɒnətəʊnɪk;монотонный;5;2021-06-10
motifs;məʊˈtiːf;лейтмотив, основная тема, кружевное украшение;4;
multicomponent;mʌltikəmˈpəʊnənt;мультикомпонентный;2;
mutual;ˈmjuːtʃuəl;взаимный, общий, обоюдный;2;
mutual polarization;ˈmjuːtʃuəl pəʊləraɪˈzeɪʃn;взаимная поляризация;4;
narrow;ˈnærəʊ;узкий, ограниченный, небольшой;2;
near-term;nɪə(r) tɜːm;в ближайшей перспективе;-1;
neural network;ˈnjʊərəl ˈnetwɜːk;нейронная сеть;3;
neural-network quantum state (NQS);ˈnjʊərəl ˈnetwɜːk ˈkwɒntəm steɪt;квантовое состояние нейронной сети;1;
newcomer;ˈnjuːkʌmə(r);новичок;2;
no man’s;nəʊ mæns;ничейный;3;
notably;ˈnəʊtəbli;особенно, заметно, в особенности;5;2021-06-10
notion;ˈnəʊʃən;понятие, представление, идея;-1;
notorious;nəʊˈtɔːriəs;пресловутый, известный, печально известный;1;
notwithstanding;ˌnɒtwɪðˈstændɪŋ;несмотря на, вопреки;3;
nuclei;ˈnjuːkliaɪ;зародыши;5;2021-06-10
nucleus;ˈnjuːkliəs;зародыш;1;
nuisance;ˈnjuːsəns;неприятность, неудобство, досада;-1;
number crunching;ˈnʌmbə(r) krʌntʃɪŋ;сложные расчёты (перемалывание чисел);2;
numerical;njuːˈmerɪkl̩;числовой, численный, цифровой;2;
oblate;ˈɒbleit;сплюснутый;1;
occasionally;əˈkeɪʒnəli;иногда, изредка, время от времени;0;
occur;əˈkɜːr;происходить;-2;
ongoing;ˈɒŋˌɡəʊɪŋ;постоянный, непрерывный;-2;
onset of phase;ˈɒnset əv feɪz;начало фазы;3;
opaque;əʊˈpeɪk;непрозрачный, матовый, светонепроницаемый;1;
operational;ˌɒpərˈeɪʃənəl;оперативный, операционный;3;
orbiting;ˈɔːbɪtɪŋ;вращение по орбите;3;
orthorhombic;ˌɔːθəˈrɒmbɪk;орторомбический;4;
outline;ˈaʊtlaɪn;обрисовать, контур;-2;
outlook;ˈaʊtlʊk;перспектива, кругозор, вид;-2;
outperform;ˌaʊtpəˈfɔːm;превосходить;4;
over time;ˈəʊvə(r) taɪm;через некоторое время;-2;
overall;ˌəʊvərˈɔːl;общий, полный, всеобщий;2;
overarching;ˌəʊvəˈrɑːtʃɪŋ;всеобъемлющий;-4;
overcome barrier;ˌəʊvəˈkʌm ˈbæriə(r);преодолеть барьер;2;
overlap;ˌəʊvəˈlæp;перекрытие, совпадение, нахлестка;5;2021-06-10
overshoot;ˌəʊvəˈʃuːt;промахиваться, стрелять лучше, превышать;-1;
oxide (_O, _O2, etc.);ˈɒksaɪd;окись, оксид, окисел;5;2021-06-10
oxygen;ˈɒksɪdʒən;кислород;4;
pace;peɪs;темп, скорость, шаг;5;2021-06-10
paramount;ˈpærəmaʊnt;первостепенный, верховный, важнейший;3;
partial;ˈpɑːʃəl;парциальный, частичный;2;
partial charge;ˈpɑːʃəl tʃɑːdʒ;частичный заряд;1;
partial differential equation (PDE);ˈpɑːʃəl ˌdɪfəˈrenʃəl ɪˈkweɪʒən;уравнение в частных производных;3;
particle identification;ˈpɑːtɪkl̩ aɪˌdentɪfɪˈkeɪʃn;идентификация частиц;4;
particular;pəˈtɪkjələ(r);особый, частный, специфический;1;
patchy;ˈpætʃi;пятнистый, неоднородный, разношерстный;0;
pattern;ˈpætn;узор, шаблон, образец;2;
peculiar;pɪˈkjuːliər;своеобразный, специфический, особенный;-2;
peptide;ˈpeptaɪd;пептид;4;
perceive;pəˈsiːv;воспринимать, чувствовать, ощущать;2;
perception;pəˈsepʃən;восприятие, ощущение, понимание;5;2021-06-10
perceptual;pəˈseptjuəl;перцепционный, относящийся к восприятию;2;
percolate;ˈpɜːkəleɪt;просачиваться, процедить, процеживать;-4;
periodic;ˌpɪəriˈɒdɪk;периодический, циклический, риторический;1;
periodic arrangement;ˌpɪəriˈɒdɪk əˈreɪndʒmənt;периодическое расположение;3;
perk;pɜːk;преимущество, воспрянуть духом;-2;
permutation;ˌpɜːmjʊˈteɪʃən;перестановка, изменение, перемещение;5;2021-06-10
persistent;pəˈsɪstən;постоянный, стойкий;0;
pertain;pɜːˈteɪn;относиться, принадлежать, иметь отношение;-4;
pertinent;ˈpɜːtɪnənt;уместный, подходящий, имеющий отношение;-2;
perturbation;ˌpɜːtəˈbeɪʃən;возмущение, пертурбация, волнение;2;
pharmaceutical;ˌfɑːməˈsuːtɪkəl;фармацевтический, аптекарский;2;
phosphide (_P);ˈfɔsfaɪd;фосфид;0;
physical imperfections;ˈfɪzɪkl ˌɪmpəˈfekʃəns;физические недостатки;4;
pinpoint;ˈpɪnpɔɪnt;точный, прицельный;-3;
pipeline;ˈpaɪplaɪn;конвейер;2;
piston;ˈpɪstən;поршень;1;
pivotal;ˈpɪvətəl;основной, центральный, осевой;-2;
planarity;ˈpleɪnərəti;плоскостность;5;2021-06-10
plaquette;pləˈket;плакетка;5;2021-06-10
plateau;ˈplætəʊ;плато, плоская возвышенность;2;
plausible;ˈplɔːzəbl̩;правдоподобный, вероятный, благовидный;0;
pointed;ˈpɔɪntɪd;острый, заостренный, остроконечный;-1;
poise;pɔɪz;равновесие, уравновешенность;4;
polarizable;ˈpəʊləraɪzəbl;поляризуемый;5;2021-06-10
polyamorphism;ˈpɒliəˈmɔːfˈɪzm;полиаморфизм;4;
possess;pəˈzes;обладать, владеть, овладевать;0;
power consumption;ˈpaʊə(r) kənˈsʌmpʃən;потребляемая мощность;2;
precaution;prɪˈkɔːʃn;мера предосторожности;4;
preclude;prɪˈkluːd;предотвращать, мешать, устранять;-4;
predicate;ˈpredɪkət;предикат, сказуемое, утверждение;5;2021-06-10
prerequisite;ˌpriːˈrekwɪzɪt;предпосылка;2;
prescribe;prɪˈskraɪb;предписывать;5;2021-06-10
presence;ˈprezns;присутствие, наличие, явка;-1;
prevailing view;prɪˈveɪlɪŋ vjuː;преобладающее мнение;4;
prevalent;ˈprevələnt;распространенный, преобладающий, превалирующий;1;
prevent overfitting;prɪˈvent ˈəʊvə(r)fɪtɪŋ;предотвратить переобучение;4;
primary;ˈpraɪməri;первичный, основной, главный;3;
principal component analysis (PCA);ˈprɪnsɪpəl kəmˈpəʊnənt əˈnæləsɪs;метод главных компонент;0;
prior;ˈpraɪə(r);предшествующий, предшествовавший, прежний;-2;
probability;ˌprɒbəˈbɪlɪti;вероятность;2;
probe;prəʊb;зонд, щуп, расследование;2;
proceed;prəˈsiːd;продолжать, действовать, исходить;-5;
process;ˈprəʊses;обрабатывать;2;
prodigious;prəˈdɪdʒəs;удивительный, огромный, чудовищный;-1;
profound;prəˈfaʊnd;глубокий, основательный, проникновенный;-4;
progenitor;prəʊˈdʒenɪtər;прародитель, предшественник, предок;-1;
prohibitive;prəˈhɪbɪtɪv;запретительный, препятствующий, запрещающий;-1;
proliferate;prəˈlɪfəreɪt;пролиферировать, распространяться, быстро увеличиваться;-4;
prominent;ˈprɒmɪnənt;известный, видный, выдающийся;-2;
promising;ˈprɒmɪsɪŋ;многообещающий, подающий надежды;1;
pronounced;prəˈnaʊnst;выраженный;5;2021-06-10
propagate;ˈprɒpəɡeɪt;распространять, размножаться;4;
proposal;prəˈpəʊzl;предложение, заявка, план;-1;
prospect;ˈprɒspekt;перспектива, разведка, панорама;2;
protein;ˈprəʊtiːn;белок, протеин;5;2021-06-10
protonation;ˌprəʊtɒˈneɪʃn;протонирование;3;
prototypical;ˌprəʊtəˈtɪpɪkl;прототипичный;1;
provable;ˈpruːvəbl;доказуемо;3;
put forward;pʊt ˈfɔːwəd;выдвигать;-5;
pyramidal;pɪˈræmɪdəl;пирамидальный;1;
quantitative;ˈkwɒntɪtətɪv;количественный;3;
quantum chromodynamics (QCD);ˈkwɒntəm krəʊmədaɪˈnæmɪks;квантовая хромодинамика;1;
quasistatic;kweɪzaɪˈstætɪk;квазистатический;2;
quenching;kwentʃiŋ;тушение, гашение, закалка;2;
quiescent;kwiˈesənt;неподвижный, пассивный;-4;
radial distribution function;ˈreɪdiəl ˌdɪstrɪˈbjuːʃn ˈfʌŋkʃn;функция радиального распределения;1;
radii;ˈreɪdiaɪ;радиусы;3;
rapid;ˈræpɪd;быстрый, скоростной;-1;
rather remarkably;ˈrɑːðə(r) rɪˈmɑːkəbli;довольно замечательно;1;
ratio;ˈreɪʃiəʊ;соотношение, отношение, коэффициент;3;
reactant;riˈæktənt;реагент;2;
readily accessible;ˈredɪli əkˈsesəbl̩;легко доступный;-1;
realm;relm;область знаний, сфера;2;
reciprocal space;rɪˈsɪprəkəl speɪs;обратное пространство;2;
recognize patterns;ˈrekəɡnaɪz ˈpætns;распознавать шаблоны;-1;
recurrent;rɪˈkʌrənt;рекуррентный, возвратный, повторяющийся;3;
recurrent neural network (RNN);rɪˈkʌrənt ˈnjʊərəl ˈnetwɜːk;рекуррентная нейронная сеть;1;
reduce;rɪˈdjuːs;уменьшить, снижать, уменьшать;3;
reference model;ˈrefrəns ˈmɒdl;эталонная модель;5;2021-06-10
reference system;ˈrefrəns ˈsɪstəm;справочная система;0;
reflectance;rɪˈflektəns;отражательная способность;5;2021-06-10
regard;rɪˈɡɑːd;внимание, отношение, уважение;-3;
regime;reɪˈʒiːm;режим, строй;5;2021-06-10
reinforcement;ˌriːɪnˈfɔːsmənt;подкрепление, укрепление, усиление;1;
rejuvenation;rɪˌdʒuːvəˈneɪʃn;омоложение, восстановление сил;0;
relatively;ˈrelətɪvli;относительно, сравнительно, соответственно;3;
relevance;ˈreləvəns;актуальность, релевантность, уместность;5;2021-06-10
relevant;ˈreləvənt;релевантный, уместный;1;
reliable;rɪˈlaɪəbl̩;надежный, достоверный;1;
rely;rɪˈlaɪ;полагаться, надеяться, зависеть;-1;
remarkable;rɪˈmɑːkəbl;замечательный, удивительный, выдающийся;0;
repartition;riːpɑːˈtɪʃn;перераспределение;0;
repeatedly;rɪˈpiːtɪdli;многократно;0;
repel;rɪˈpel;отталкивать, отражать;1;
reproducible results;riːprəˈdjuːsəbl rɪˈzʌlts;воспроизводимые результаты;3;
repulsive force;rɪˈpʌlsɪv fɔːs;сила отталкивания;1;
repurpose;ˌriːˈpɜːpəs;переориентировать, перепрофилировать;1;
resemblance;rɪˈzembləns;сходство;3;
residue;ˈrezɪdjuː;остаток, осадок;1;
restore;rɪˈstɔː(r);восстанавливать, реставрировать, возобновить;-4;
restrict;rɪˈstrɪkt;ограничивать, ставить предел;5;2021-06-10
restricted Boltzmann machine (RBM);rɪˈstrɪktɪd ˈbɔltsman məˈʃiːn;ограниченная машина Больцмана;3;
resurrect;ˌrezəˈrekt;воскресить;2;
retain;rɪˈteɪn;удерживать, сохранять, хранить;-4;
retain data;rɪˈteɪn ˈdeɪtə;сохранять данные;-2;
retrieve the phase;rɪˈtriːv ði feɪz;получить фазу;4;
reveal;rɪˈviːl;раскрывать, открывать, показывать;1;
reversal;rɪˈvɜːsəl;изменение, реверсирование, аннулирование;-3;
reversibility;rɪˌvɜːsəˈbɪləti;обратимость;3;
rhombic;rɒmbɪk;ромбический;3;
ridge;rɪdʒ;хребет, гребень, конек;4;
rigid;ˈrɪdʒɪd;жесткий, твердый, неподвижный;-1;
rigid body;ˈrɪdʒɪd ˈbɒdi;твёрдое тело;4;
rigorous;ˈrɪɡərəs;строгий, тщательный, точный;1;
robust;rəʊˈbʌst;крепкий, здравый, сильный;3;
robustness;rəʊˈbʌstnəs;прочность;5;2021-06-10
rotameric;;ротамерный;2;
rotational motion;rəʊˈteɪʃənl ˈməʊʃn;вращательное движение;1;
roughly stated;ˈrʌfli steɪted;грубо говоря;0;
round-off;raʊnd ɒf;округление;1;
rule of thumb;ruːl əv θʌm;практическое (эмипирическое) правило;4;
sabbatical;səˈbætɪkəl;творческий отпуск;2;
salient;ˈseɪliənt;выступ, клин;-2;
sample;ˈsɑːmpl;образец;2;
sanity;ˈsænɪti;здравомыслие, здравый ум, нормальная психика;0;
schedule;ˈʃedjuːl;план;-3;
scheme;skiːm;схема, система, план;1;
scintillate;ˈsɪntɪleɪt;сверкать, излучать;1;
scope;skəʊp;рамки, сфера, возможности;-1;
scrutinize;ˈskruːtɪnaɪz;тщательно исследовать, изучать, рассматривать;1;
selenide (_Se);ˈselınaıd;селенид;1;
self-diffusion coefficient;self dɪˈfjuːʒn ˌkəʊɪˈfɪʃənt;коэффициент самодиффузии;4;
seminal;ˈsemɪnəl;семенной, плодотворный, зародышевый;0;
sense;sens;смысл, чувство, ощущение;5;2021-06-10
sensing;sensɪŋ;зондирование;3;
separable;ˈsepərəbl;отделимый;2;
separate;ˈseprət;отдельный, самостоятельный, особый;-1;
setting;ˈsetɪŋ;установка, постановка, окружение;5;2021-06-10
several;ˈsevrəl;несколько;4;
severe;sɪˈvɪə(r);серьезный, тяжелый, сильный;-1;
shallow;ˈʃæləʊ;мелкий, мелководный, поверхностный;3;
sharply;ˈʃɑːpli;точно;-1;
shear;ʃɪər;срез, сдвиг;0;
shear stress;ʃɪər stres;напряжение сдвига;1;
shed;ʃed;пролить;-1;
shell;ʃel;оболочка;4;
shortage;ˈʃɔːtɪdʒ;нехватка, дефицит, недостаток;-2;
shortcoming;ˈʃɔːtˌkʌmɪŋ;недостаток, дефект, несовершенство;2;
shortcut;ˈʃɔːtkʌt;кратчайший путь;0;
shrink;ʃrɪŋk;сокращаться, сжиматься, сокращать;-3;
silicate (_SiO4, _Si2O5, etc.);ˈsɪlɪkeɪt;силикат;4;
silicon;ˈsɪlɪkən;кремний;3;
simulation fidelity;ˌsɪmjʊˈleɪʃən fɪˈdeləti;точность моделирования;0;
smear;smɪər;мазок, пятно, клевета;-1;
so as to be;səʊ əz tə bi;чтобы быть;2;
so far;səʊ fɑː;до сих пор;4;
soar;sɔːr;парить, витать, подниматься;-2;
solution;səˈluːʃn;раствор;4;
solvent;ˈsɒlvənt;растворитель, растворяющее вещество;1;
somewhat;ˈsʌmwɒt;отчасти, до некоторой степени;-1;
sound ground;saʊnd ɡraʊnd;прочная основа;0;
spacious;ˈspeɪʃəs;просторный, вместительный, обширный;-1;
span;spæn;охватывать, перекрывать, простираться;-3;
spark;spɑːk;искра, вспышка;4;
sparse matrix;spɑːs ˈmeɪtrɪks;разреженная матрица;2;
spate;speɪt;поток, наплыв, излияние;-5;
spatial;ˈspeɪʃəl;пространственный;3;
spatially resolved;ˈspeɪʃəl rɪˈzɒlvd;пространственно разрешенный;0;
spatiotemporal;ˈspeɪʃəˈtempərəl;пространственно-временной;3;
special-purpose;ˈspeʃəl-ˈpɜːpəs;спецназначение;1;
specifically;spəˈsɪfɪkli;в частности;0;
specified;ˈspesɪfaɪ;задан;3;
speculate;ˈspekjʊleɪt;размышлять, делать предположения;-1;
spin-off;spɪn ɒf;дополнительная выгода;0;
spinodal;spaɪˈnəʊdl;спинодаль (линия на фазовой диаграмме между метастабильной и неустойчивой фазой);1;
spray;spreɪ;спрей, брызги, распылитель;2;
spring;sprɪŋ;пружина;4;
squeeze;skwiːz;выжимать, сжимать, давить;4;
squiggly;ˈskwɪɡli;волнистый;3;
stacking;stækɪŋ;укладка;2;
stark;stɑːk;резкий, суровый;0;
state-of-the-art;ˌsteɪt əv ði ˈɑːt;современный;0;
statement;ˈsteɪtmənt;заявление, утверждение, оператор;4;
static structure factor;ˈstætɪk ˈstrʌktʃə(r) ˈfæktə(r);статический структурный фактор;4;
steady;ˈstedi;устойчивый, постоянный, неуклонный;4;
steep;stiːp;крутой, резкий;2;
stem;stem;стебель, стержень, ствол;3;
steric repulsion;;стерическое отталкивание;4;
stochastic;stəˈkæstɪk;стохастический;3;
stochastic gradient descent (SGD);stəˈkæstɪk ˈɡreɪdiənt dɪˈsent;стохастический градиентный спуск;3;
straightforward;ˌstreɪtˈfɔːwəd;простой;4;
strain;streɪn;штамм, напряжение, деформация;0;
stressed;strest;подчеркнутый;0;
stretching parameter;stretʃɪŋ pəˈræmɪtər;параметр растяжения;4;
striking;ˈstraɪkɪŋ;поразительный;-2;
structural;ˈstrʌktʃərəl;структурный;3;
submit;səbˈmɪt;подавать, утверждать;0;
subsequent;ˈsʌbsɪkwənt;последующий;-2;
substantial;səbˈstænʃl;существенный, значительный, важный;0;
substrate;ˈsʌbstreɪt;подложка;0;
subtle effects;ˈsʌtəl ɪˈfekts;тонкие эффекты;0;
subtlety;ˈsʌtl̩ti;тонкость, утонченность, хитрость;3;
succeed;səkˈsiːd;преуспевать, иметь успех, следовать за;-2;
successive;səkˈsesɪv;последовательный, последующий;1;
succinct representation;səkˈsɪŋkt ˌreprɪzenˈteɪʃn;сжатое представление;4;
suggest;səˈdʒest;предлагать;2;
suitable;ˈsuːtəbl;подходящий, соответствующий, годный;5;2021-06-10
suite;swiːt;набор, сюита, апартаменты;-1;
sulfide (_S);ˈsʌlfaɪd;сульфид;1;
sulfur;ˈsʌlfər;сера, бабочка из семейства белянок, зеленовато-желтый цвет;5;2021-06-10
summand;ˈsʌmand;слагаемое;4;
supercooled;ˌsuːpəˈkuːld;переохлажденный;4;
supplement;ˈsʌplɪmənt;дополнение, приложение, добавление;3;
support vector machine (SVM) method;səˈpɔːt ˈvektər məˈʃiːn ˈmeθəd;метод опорных векторов;1;
surface;ˈsɜːfɪs;площадь, всплыть, появляться, показаться;4;
surge;sɜːdʒ;волна, повышение, быстрый рост;-2;
survey;ˈsɜːveɪ;обзор, обследование, исследование;1;
suspicion;səˈspɪʃn;подозрение, подозрительность;2;
syndrome;ˈsɪndrəʊm;синдром;0;
tackle;ˈtækl;принадлежности, устранение, преодоление, справиться;0;
tagging;ˈtæɡɪŋ;маркировка;1;
take by surprise;teɪk baɪ səˈpraɪz;застать врасплох;3;
tangent;ˈtændʒənt;тангенс, касательная;3;
telluride (_Te);teˈljʊraɪd;теллурид;2;
temperature bath;ˈtemprətʃə(r) bɑːθ;термостат, температурная баня;0;
temporal sequence;ˈtempərəl ˈsiːkwəns;временная последовательность;4;
tempt;tempt;искушать, соблазнять, испытывать;0;
tentatively;ˈtentətɪv;пробный, экспериментальный, неуверенный;0;
test bench;test bentʃ;испытательный стенд;1;
tetrahedral;ˌtetrəˈhiːdrəl;тетраэдральный;5;2021-06-10
the net force;ðə net fɔːs;равнодействующая сила;2;
the well;ðə wel;колодец, скважина, лунка;2;
thereby;ˌðeəˈbaɪ;таким образом, в связи с этим;-2;
thermal noise;ˈθɜːməl nɔɪz;тепловой шум;3;
thermodynamics;ˌθɜːməʊdaɪˈnæmɪks;термодинамика;2;
thorough;ˈθʌrə;тщательный;-6;
threshold;ˈθreʃhəʊld;порог, предел;2;
throughput;ˈθruːpʊt;пропускная способность, производительность;-3;
tile;taɪl;плитка, черепица, кафель;5;2021-06-10
time span;taɪm spæn;промежуток времени;3;
tiresome computations;ˈtaɪəsəm ˌkɒmpjuˈteɪʃns;утомительные вычисления;3;
titanate (_TiO3);ˈtaɪtəneɪt;титанат;1;
to a large extent;tə ə lɑːdʒ ɪkˈstent;в значительной степени;1;
to keep pace;tə kiːp peɪs;идти в ногу;2;
toolkit;ˈtuːlˌkɪt;инструментарий;3;
torsion;ˈtɔːʃən;кручение, скручивание, торсион;1;
torsional angle;ˈtɔːʃnl ˈæŋɡl;двугранный угол;3;
towards;təˈwɔːdz;к, в направлении, по отношению к;3;
tracer;ˈtreɪsər;трассирующий снаряд, меченый атом, исследователь;3;
tractable;ˈtræktəbl̩;послушный, управляемый, поддающийся обработке;2;
trade-off;ˈtreɪdɒf;компромисс, взаимные уступки;1;
trait;treɪt;особенность, штрих, характерная черта;-4;
trajectory;trəˈdʒektəri;траектория;2;
transferability;ˌtrænsˌfɜːrəˈbɪləti;возможность передачи, перемещаемость;1;
transferable;trænsˈfɜːrəbl;допускающий замену, допускающий перемещение;0;
transient;ˈtrænziənt;временный, преходящий, скоротечный;1;
translational motion;ˌtrænzˈleɪʃnəl ˈməʊʃn;поступательное движение;0;
transmissivity;trænzˈmɪsɪvəti;пропускающая способность;-1;
transverse;trænzˈvɜːs;поперечный;0;
treat;triːt;относиться к, рассматривать, лечить, угостить;-1;
treatable;ˈtriːtəbl;излечимый;-2;
treatment;ˈtriːtmənt;обработка, обращение, лечение;0;
truncate;trʌŋˈkeɪt;усекать, сокращать;2;
trustworthy;ˈtrʌstˌwɜːði;надежный, заслуживающий доверия;-2;
unambiguous;ˌʌnæmˈbɪɡjuəs;недвусмысленный;2;
unchallengeable;ʌnˈtʃælɪndʒəbl;неоспоримый;2;
underlying;ˌʌndəˈlaɪɪŋ;основной, лежащий в основе;1;
unfeasible;ʌnˈfiːzɪbl̩;невыполнимый;-2;
unfolding;ʌnˈfəʊld;раскрываться, развертываться;2;
unfounded;ʌnˈfaʊndɪd;необоснованный, неосновательный, бездоказательный;1;
unify;ˈjuːnɪfaɪ;унифицировать, объединять;2;
unimaginable;ˌʌnɪˈmædʒɪnəbl̩;невообразимый;-1;
unveil;ʌnˈveɪl;открывать, раскрывать, снимать покрывало;0;
up to;ʌp tə;вплоть до;0;
vantage;ˈvɑːntɪdʒ;преимущество, выгодная позиция, пункт наблюдения;-2;
variational autoencoder (VAE);ˌveəriˈeɪʃnəl ˈɔːtəʊɪnˈkəʊdər;вариационный автокодер;3;
vast;vɑːst;огромный, обширный, громадный;-1;
velocity autocorrelation function;vəˈlɒsɪti ˈɔːtəʊˌkɒrəˈleɪʃən ˈfʌŋkʃn;автокорреляционная функция скорости;4;
velocity rescaling thermostat;vəˈlɒsɪti riːskeɪlɪŋ ˈθɜːməstæt;термостат масштабирования скоростей;3;
via;ˈvaɪə;через;2;
viable;ˈvaɪəbl̩;жизнеспособный, жизнедеятельный, всхожий;1;
vibrational motion;vaɪˈbreɪʃnl ˈməʊʃn;колебательное движение;2;
vicinity;vɪˈsɪnɪti;окрестность, близость;-2;
violate;ˈvaɪəleɪt;нарушать, насиловать, попирать;-2;
viscosity;ˈvɪskəsɪti;вязкость;4;
von Neumann;vɒn ˈnɔɪmən;фон Нейман;-1;
warp;wɔːp;деформироваться;-2;
wavelet;ˈweɪvlɪt;небольшая волна, вейвлет, волновой пакет;5;2021-06-10
wavy;ˈweɪvi;волнообразный;-1;
well beyond;wel bɪˈjɒnd;далеко за пределами;5;2021-06-10
well-established;wel ɪˈstæblɪʃt;устоявшийся;-2;
whereas;ˌweərˈæz;тогда как, в то время как, принимая во внимание;-1;
whereby;weəˈbaɪ;посредством чего, каким образом, как;0;
winding number;ˈwaɪndɪŋ ˈnʌmbə(r);число витков;0;
wisely;ˈwaɪzli;с умом, мудро;0;
worth;wɜːθ;ценность, достоинства, стоимость;1;
y ̂ (y-circumflex);waɪ ˈsɜːkəmfleks;y с уголком;4;
yet;jet;еще, все же, тем не менее;3;
yield;jiːld;уступать, давать, приносить, поддаваться, производить;0;
zinc-blende;zɪŋk blend;сфалерит (цинковая обманка);3;
zink (Zn);zɪŋk;цинк;0;
| (vertical bar);ˈvɜːtɪkl bɑː(r);вертикальная черта;2;
